{"cameraMode":{"drawMode":0,"name":"Shaded","section":"Shading Mode"},"sceneLighting":true,"audioPlay":false,"sceneViewState":{"showFog":true,"showMaterialUpdate":false,"showSkybox":true,"showFlares":true,"showImageEffects":true,"showParticleSystems":true},"in2DMode":false,"pivot":{"x":-18.62990951538086,"y":-10.439693450927735,"z":-21.02847671508789},"rotation":{"x":-0.050302065908908847,"y":0.9338099956512451,"z":-0.32298654317855837,"w":-0.14543309807777406},"size":38.13579559326172,"orthographic":false}