{"cameraMode":{"drawMode":0,"name":"Shaded","section":"Shading Mode"},"sceneLighting":true,"audioPlay":false,"sceneViewState":{"showFog":true,"showMaterialUpdate":false,"showSkybox":true,"showFlares":true,"showImageEffects":true,"showParticleSystems":true},"in2DMode":false,"pivot":{"x":-1.656661033630371,"y":0.21654510498046876,"z":1.9437894821166993},"rotation":{"x":-0.21590784192085267,"y":0.7212592959403992,"z":-0.25701189041137698,"w":-0.6059058904647827},"size":13.862608909606934,"orthographic":false}