{"cameraMode":{"drawMode":0,"name":"Shaded","section":"Shading Mode"},"sceneLighting":true,"audioPlay":false,"sceneViewState":{"showFog":true,"showMaterialUpdate":false,"showSkybox":true,"showFlares":true,"showImageEffects":true,"showParticleSystems":true},"in2DMode":false,"pivot":{"x":-2.4695205688476564,"y":-6.594642639160156,"z":8.767346382141114},"rotation":{"x":0.30237841606140139,"y":0.40748053789138796,"z":-0.145058274269104,"w":0.8494041562080383},"size":55.859519958496097,"orthographic":false}