{"cameraMode":{"drawMode":0,"name":"Shaded","section":"Shading Mode"},"sceneLighting":true,"audioPlay":false,"sceneViewState":{"showFog":true,"showMaterialUpdate":false,"showSkybox":true,"showFlares":true,"showImageEffects":true,"showParticleSystems":true},"in2DMode":false,"pivot":{"x":-1.8341994285583497,"y":0.017690658569335939,"z":3.8981523513793947},"rotation":{"x":-0.21590784192085267,"y":0.7212592959403992,"z":-0.25701189041137698,"w":-0.6059058904647827},"size":11.336074829101563,"orthographic":false}